Name,Height,MountainRange,Country
Mount Everest,8848.86,Himalaya,Nepal/China
K2,8611,Karakorum,Pakistan/China
Kangchenjunga,8586,Himalaya,Nepal/India
Lhotse,8516,Himalaya,Nepal/China
Makalu,8485,Himalaya,Nepal/China
Cho Oyu,8201,Himalaya,Nepal/China
Dhaulagiri,8167,Himalaya,Nepal
Manaslu,8163,Himalaya,Nepal
Nanga Parbat,8126,Himalaya,Pakistan
Annapurna,8091,Himalaya,Nepal
Gasherbrum I,8080,Karakorum,Pakistan/China
Broad Peak,8051,Karakorum,Pakistan/China
Gasherbrum II,8035,Karakorum,Pakistan/China
Shishapangma,8027,Himalaya,China
Gasherbrum III,7952,Karakorum,Pakistan
Gyachung Kang,7952,Himalaya,Nepal/China
Annapurna II,7937,Himalaya,Nepal
Gasherbrum IV,7932,Karakorum,Pakistan
Himalchuli,7893,Himalaya,Nepal
Distaghil Sar,7885,Karakorum,Pakistan
Ngadi Chuli,7871,Himalaya,Nepal
Nuptse,7861,Himalaya,Nepal/China
Khunyang Chhish,7852,Karakorum,Pakistan
Masherbrum,7821,Karakorum,Pakistan
Nanda Devi,7816,Himalaya,India
Chomo Lonzo,7804,Himalaya,China/Nepal
Batura Sar,7795,Karakorum,Pakistan
Kanjut Sar,7790,Karakorum,Pakistan
Rakaposhi,7788,Karakorum,Pakistan
Namcha Barwa,7782,Himalaya,China
Batura II,7762,Karakorum,Pakistan
Kamet,7756,Himalaya,India/China
Saltoro Kangri,7742,Karakorum,Pakistan
Batura III,7729,Karakorum,Pakistan
Jannu,7710,Himalaya,Nepal
Tirich Mir,7708,Hindu Kush,Pakistan
Molamenqing,7703,Himalaya,China
Gurla Mandhata,7694,Himalaya,China
Saser Kangri,7672,Karakorum,India
Chogolisa,7665,Karakorum,Pakistan
Kongur Tagh,7649,Kunlun Mountains,China
Shispare,7611,Karakorum,Pakistan
Silberzacken,7597,Karakorum,Pakistan
Changtse,7543,Himalaya,China
Trivor,7520,Karakorum,Pakistan
Gangkhar Puensum,7570,Himalaya,Bhutan/China
Gongga Shan,7556,Hengduan Mountains,China
Annapurna III,7555,Himalaya,Nepal
Kula Kangri,7554,Himalaya,China/Bhutan
Skyang Kangri,7545,Karakorum,China/Pakistan
Liankang Kangri,7535,Himalaya,China
Yukshin Gardan Sar,7530,Karakorum,Pakistan
Annapurna IV,7525,Himalaya,Nepal
Saser Kangri II,7518,Karakorum,India
Mamostong Kangri,7516,Karakorum,India/China
Muztagh Ata,7509,Kunlun Mountains,China
Ismoil Somoni Peak,7495,Pamir Mountains,Tajikistan
Saser Kangri III,7495,Karakorum,India
Noshaq,7492,Hindu Kush,Afghanistan/Pakistan
Pumari Chhish,7492,Karakorum,Pakistan
Passu Sar,7476,Karakorum,Pakistan
Jongsong Peak,7462,Himalaya,Nepal/India
Malubiting,7458,Karakorum,Pakistan
Gangapurna,7455,Himalaya,Nepal
Muchu Chhish (Batura V),7453,Karakorum,Pakistan
Jengish Chokusu,7439,Tian Shan,Kyrgyzstan/China
K12,7428,Karakorum,Pakistan
Sia Kangri,7422,Karakorum,India/Pakistan/China
Momhil Sar,7414,Karakorum,Pakistan
Istor-o-Nal,7403,Hindu Kush,Pakistan
Ghent Kangri,7401,Karakorum,Pakistan/China
Haramosh Peak,7409,Karakorum,Pakistan
Kabru,7412,Himalaya,Nepal/India
Ultar,7388,Karakorum,Pakistan
Rimo I,7385,Karakorum,India/China
Sherpi Kangri,7380,Karakorum,Pakistan/China
Churen Himal,7385,Himalaya,Nepal
Labuche Kang,7367,Himalaya,China
Kirat Chuli,7365,Himalaya,Nepal/India
Skil Brum,7360,Karakorum,Pakistan
Abi Gamin,7355,Himalaya,India/China
Gimmigela Chuli,7350,Himalaya,Nepal/India
Saraghrar,7349,Hindu Kush,Pakistan
Bojohagur Duanasir,7329,Karakorum,Pakistan
Chamlang,7321,Himalaya,Nepal
Chongtar Kangri,7315,Karakorum,India/China
Jomolhari / Chomolhari,7326,Himalaya,Bhutan/China
Baltoro Kangri,7312,Karakorum,Pakistan/China
Siguang Ri,7309,Himalaya,China
Summa Ri,7303,Himalaya,China
The Crown,7295,Karakorum,China
Gyala Peri,7294,Himalaya,China
Porong Ri,7292,Himalaya,China
Baintha Brakk,7285,Karakorum,Pakistan
Yutmaru Sar,7283,Karakorum,Pakistan
K6,7282,Karakorum,Pakistan
Kangpenqing,7281,Himalaya,China
Mana Peak,7272,Himalaya,India
Muztagh Tower,7276,Karakorum,China/Pakistan
Diran,7266,Karakorum,Pakistan
Apsarasas Kangri,7245,Karakorum,India/China
Langtang Lirung,7227,Himalaya,Nepal
Karjiang,7221,Himalaya,China
Annapurna South,7219,Himalaya,Nepal
Khartaphu,7213,Himalaya,China
Tongshanjiabu,7207,Himalaya,China/Bhutan
Langtang Ri,7205,Himalaya,Nepal
Kangphu Kang,7204,Himalaya,China/Bhutan
Singhi Kangri,7202,Karakorum,India/China
Lupghar Sar,7200,Karakorum,Pakistan
Gurja Himal,7193,Himalaya,Nepal
Melungtse,7181,Himalaya,China
Liushi Shan,7170,Kunlun Mountains,China
Baruntse,7162,Himalaya,Nepal
Pumori,7161,Himalaya,Nepal/China
Hardeol,7151,Himalaya,India
Gasherbrum V,7147,Karakorum,Pakistan
Latok I,7145,Karakorum,Pakistan
Kampire Dior,7142,Karakorum,Pakistan/China
Nemjung,7140,Himalaya,Nepal
Udren Zom,7140,Hindu Kush,Pakistan
Chaukhamba,7138,Himalaya,India
Nun Kun,7135,Himalaya,India
Tilicho Peak,7134,Himalaya,Nepal
Gauri Sankar,7134,Himalaya,Nepal/China
Lenin Peak,7134,Pamir Mountains,Kyrgyzstan/Tajikistan
Bularung Sar,7134,Karakorum,Pakistan
Api,7132,Himalaya,Nepal
Teri Kang,7129,Himalaya,China
Pauhunri,7128,Himalaya,India/China
Trisul,7120,Himalaya,India
Korzhenevskaya,7105,Pamir Mountains,Tajikistan
Lunpo Gangri,7095,Himalaya,China
Satopanth,7075,Himalaya,India
Tirsuli,7074,Himalaya,India
Dunagiri,7066,Himalaya,India
Kangto,7060,Himalaya,India/China
Nyegyi Kansang,7047,Himalaya,China
Chomolhari Kang,7043,Himalaya,Bhutan
Salasungo,7042,Karakorum,Pakistan
Link Sar,7041,Karakorum,Pakistan
Kezhen Peak,7039,Himalaya,China
Shah Dhar,7038,Hindu Kush,Pakistan
Saipal,7031,Himalaya,Nepal
Padmanabh,7030,Karakorum,India
Spantik,7027,Karakorum,Pakistan
Pamri Sar,7025,Karakorum,Pakistan
Khan Tengri,7010,Tian Shan,Kyrgyzstan/Kazakhstan/China
Machapuchare,6997,Himalaya,Nepal
Laila Peak (Haramosh Valley),6985,Karakorum,Pakistan
Kang Guru,6981,Himalaya,Nepal
Gasherbrum VI,6973,Karakorum,Pakistan
Karun Kuh,6977,Karakorum,Pakistan
Avicenna Peak,6971,Pamir Mountains,Tajikistan
Ulugh Muztagh,6973,Kunlun Mountains,China
Aconcagua,6962,Andes,Argentina
Napko Kangri,6956,Himalaya,China
Sangemarmar Sar,6950,Hindu Kush,Pakistan
Kedarnath (mountain),6940,Himalaya,India
K7,6934,Karakorum,Pakistan
Panchchuli,6904,Himalaya,India
Thalay Sagar,6904,Himalaya,India
Lunkho e Dosare,6900,Karakorum,Pakistan
Lunag Ri,6895,Himalaya,Nepal/China
Ojos del Salado,6893,Andes,Argentina/Chile
Siniolchu,6888,Himalaya,India
Kanjiroba,6883,Himalaya,Nepal
Bairiga,6882,Karakorum,Pakistan
Koyo Zom,6872,Hindu Kush,Pakistan
Nanda Kot,6861,Himalaya,India
Kubi Gangri,6859,Himalaya,China
Angel Sar,6858,Karakorum,Pakistan
Bhagirathi Parbat I,6856,Himalaya,India
Jethi Bahurani,6850,Himalaya,Nepal
Chongra Peak,6844,Himalaya,India
Chomo Yummo,6829,Himalaya,China
Reo Purgyil,6816,Himalaya,India/China
Ama Dablam,6812,Himalaya,Nepal
Monte Pissis,6793,Andes,Argentina
Kangtega,6782,Himalaya,Nepal
Biarchedi,6781,Karakorum,Pakistan
Huascarán Sur,6768,Andes,Peru
Cerro Bonete,6759,Andes,Argentina
Nevado Tres Cruces,6749,Andes,Argentina/Chile
Kawagarbo,6740,Hengduan Mountains,China
Llullaillaco,6739,Andes,Argentina/Chile
Cho Polu,6734,Himalaya,Nepal/China
Kangju Kangri,6724,Himalaya,China
Changla,6721,Himalaya,China
Mercedario,6770,Andes,Argentina
Mount Pandim,6691,Himalaya,India
Num Ri,6677,Himalaya,Nepal
Lungser Kangri,6666,Transhimalaya,India/China
Meru Peak,6660,Himalaya,India
Gul Lasht Zom,6651,Hindu Kush,Pakistan
Huascarán Norte,6655,Andes,Peru
Khumbutse,6636,Himalaya,Nepal/China
Mount Kailash,6638,Transhimalaya,China
Yerupajá,6635,Andes,Peru
Nevado Tres Cruces Central,6629,Andes,Argentina/Chile
Thamserku,6623,Himalaya,Nepal
Geladaindong Peak,6621,Tanggula Mountains,China
Incahuasi,6621,Andes,Argentina/Chile
Pangpoche,6620,Himalaya,Nepal
Manirang,6593,Himalaya,India
Nilkantha,6596,Himalaya,India
Phuparash Peak,6574,Karakoram,Pakistan
Sickle Moon Peak,6574,Karakoram,Pakistan
Tupungato,6570,Andes,Chile/Argentina
Buni Zom,6543,Hindu Raj,Pakistan
Nevado Sajama,6542,Andes,Bolivia
Ghamubar Zom,6518,Hindu Raj,Pakistan
Singu Chuli,6501,Himalaya,Nepal
Taboche,6501,Himalaya,Nepal
Cerro El Muerto,6488,Andes,Argentina/Chile
Mera Peak,6476,Himalaya,Nepal
Hiunchuli,6441,Himalaya,Nepal
Cholatse,6440,Himalaya,Nepal
Illimani,6438,Andes,Bolivia
Ancohuma,6427,Andes,Bolivia
Coropuna,6425,Andes,Peru
Antofalla,6409,Andes,Argentina
Kang Yatze,6400,Himalaya,India
Huandoy,6395,Andes,Peru
Ausangate,6384,Andes,Peru
Chapaev Peak,6371,Tian Shan,Kyrgyzstan
Illampu,6368,Andes,Bolivia
Kusum Kangguru,6367,Himalaya,Nepal
Kinnaur Kailash,6349,Himalaya,India
Parinaquta,6348,Andes,Bolivia/Chile
Siula Grande,6344,Andes,Peru
Bamba Dhura,6334,Himalaya,India
Ampato,6288,Andes,Peru
Amne Machin,6282,Kunlun Mountains,China
Pomerape,6282,Andes,Bolivia/Chile
Salcantay,6271,Andes,Peru
Chimborazo,6268,Andes,Ecuador
Mount Siguniang,6250,Qionglai Mountains,China
Grid Nie Mountain,6204,Hengduan Mountains,China
Yuzhu Peak,6178,Kunlun Mountains,China
Genyen Massif,6204,Hengduan Mountains,China
Kongde Ri,6187,Himalaya,Nepal
Aucanquilcha,6176,Andes,Chile
Imja Tse,6165,Himalaya,Nepal
Denali (Mount McKinley),6190,Alaska Range,USA
Stok Kangri,6153,Himalaya,India
Lobuche,6119,Himalaya,Nepal
Marmolejo,6110,Andes,Chile/Argentina
Laila Peak (Hushe Valley),6096,Karakoram,Pakistan
Pisang Peak,6091,Himalaya,Nepal
Huayna Potosí,6088,Andes,Bolivia
Aracar,6082,Andes,Argentina
Chachakumani,6074,Andes,Bolivia
Chachani,6075,Andes,Peru
Mianzimu,6054,Himalaya,China
Acotango,6052,Andes,Bolivia/Chile
Socompa,6051,Andes,Argentina/Chile
Minglik Sar,6050,Karakoram,Pakistan
Acamarachi,6046,Andes,Chile
Shayaz,6045,Karakoram,Pakistan
Hualca Hualca,6025,Andes,Peru
Uturunku,6008,Andes,Bolivia
Mitre Peak,6010,Karakoram,Pakistan
Laila Peak,6096,Karakoram,Pakistan
Mount Logan,5959,Saint Elias Mountains,Canada
Alpamayo,5947,Andes,Peru
Cerro Lípez,5915,Andes,Bolivia
Licancabur,5916,Andes,Bolivia/Chile
Falak Sar,5918,Hindu Kush,Pakistan
Cotopaxi,5897,Andes,Ecuador
Mount Kilimanjaro,5895,Kilimanjaro Massif,Tanzania
Hkakabo Razi,5881,Himalaya,Myanmar
San José,5856,Andes,Chile/Argentina
El Misti,5822,Andes,Peru
Altun Shan,5830,Altun Mountains,China
Cayambe,5790,Andes,Ecuador
Pico Cristóbal Colón,5775,Sierra Nevada de Santa Marta,Colombia
Antisana,5758,Andes,Ecuador
Nevado Pisco,5752,Andes,Peru
Nevado Anallajsi,5750,Andes,Bolivia
Pokalde,5806,Himalaya,Nepal
Ubinas,5672,Andes,Peru
Pichu Pichu,5664,Andes,Peru
Mount Elbrus,5642,Caucasus Mountains,Russia
Mehrbani Peak,5639,Hindu Kush,Pakistan
Pico de Orizaba,5636,Trans-Mexican Volcanic Belt,Mexico
Mount Damavand,5610,Alborz Mountains,Iran
Nevado Mismi,5597,Andes,Peru
Jade Dragon Snow Mountain,5596,Hengduan Mountains,China
Lascar Volcano,5592,Andes,Chile
Mount Xuebaoding,5588,Min Mountains,China
Kala Patthar,5550,Himalaya,Nepal
Mount Saint Elias,5489,Saint Elias Mountains,Canada/USA
Concord Peak,5464,Karakoram,Pakistan
Dindaw Razi,5464,Himalaya,Myanmar
Machoi Peak,5459,Himalaya,India
El Plomo,5424,Andes,Chile/Argentina
Bogda Feng,5445,Tian Shan,China
Mount Little Xuebaoding,5443,Min Mountains,China
Cerro El Plomo,5424,Andes,Chile/Argentina
Popocatépetl,5426,Trans-Mexican Volcanic Belt,Mexico
Kolahoi Peak,5425,Himalaya,India
Chacaltaya,5421,Andes,Bolivia
Mount Pomiu,5420,Himalaya,China
Ritacuba Blanco,5410,Andes,Colombia
Haba Xueshan,5396,Hengduan Mountains,China
Nevado del Ruiz,5321,Andes,Colombia
Nevado del Huila,5365,Andes,Colombia
El Altar,5319,Andes,Ecuador
Mount Foraker,5304,Alaska Range,USA
Mount Haramukh,5142,Himalaya,India
Nevado del Tolima,5215,Andes,Colombia
Maipo,5323,Andes,Argentina/Chile
Illiniza,5263,Andes,Ecuador
Point 5240,5240,Karakoram,Pakistan
Sirbal Peak,5150,Himalaya,India
Sangay,5230,Andes,Ecuador
Iztaccíhuatl,5230,Trans-Mexican Volcanic Belt,Mexico
Mount Lucania,5226,Saint Elias Mountains,Canada
Karakol Peak,5281,Pamir Mountains,Tajikistan
Dykh-Tau,5205,Caucasus Mountains,Russia/Georgia
Shkhara,5201,Caucasus Mountains,Georgia/Russia
Mount Kenya,5199,Mount Kenya Massif,Kenya
Malika Parbat,5290,Himalaya,Pakistan
Amarnath Peak,5186,Himalaya,India
Laram Q'awa (Charaña),5180,Andes,Chile
King Peak,5173,Saint Elias Mountains,Canada
Boris Yeltsin Peak,5168,Tian Shan,Kyrgyzstan
Koshtan-Tau,5152,Caucasus Mountains,Russia
Mount Ararat,5137,Eastern Anatolia Region,Turkey
Mount Stanley,5109,Rwenzori Mountains,Uganda/DR Congo
Tami Razi,5101,Himalaya,Myanmar
Mount Steele,5073,Saint Elias Mountains,Canada
Janga,5070,Himalaya,India
Mount Kazbek,5047,Caucasus Mountains,Georgia/Russia
Tungurahua,5023,Andes,Ecuador
Carihuairazo,5020,Andes,Ecuador
Mount Bona,5005,Saint Elias Mountains,USA
Mount Blackburn,4996,Saint Elias Mountains,USA
Pico Bolívar,4978,Andes,Venezuela
Talgar Peak,4979,Tian Shan,Kazakhstan
Shota Rustaveli Peak,4960,Caucasus Mountains,Georgia
Gunshar,4957,Himalaya,Pakistan
Mount Sanford,4949,Saint Elias Mountains,USA
Pico Humboldt,4942,Andes,Venezuela
Pin Bhaba Pass,4900,Himalaya,India
Vinson Massif,4892,Sentinel Range,Antarctica
Pico Bonpland,4883,Andes,Venezuela
Puncak Jaya,4884,Sudirman Range,Indonesia
Pico La Concha,4870,Andes,Venezuela
Gistola,4860,Caucasus Mountains,Georgia/Russia
Tetnuldi,4858,Caucasus Mountains,Georgia
Mount Tyree,4852,Sentinel Range,Antarctica
Huaynaputina,4850,Andes,Peru
Alam Kuh,4848,Alborz Mountains,Iran
Mount Wood,4841,Saint Elias Mountains,Canada
Mount Vancouver,4812,Saint Elias Mountains,Canada/USA
Sabalan,4811,Alborz Mountains,Iran
Mont Blanc,4808,Alps,France/Italy
Corazón,4790,Andes,Ecuador
Pichincha,4784,Andes,Ecuador
Jimara,4780,Andes,Peru
Mount Churchill,4766,Saint Elias Mountains,USA
Puncak Mandala,4760,Jayawijaya Mountains,Indonesia
Klyuchevskaya Sopka,4750,Kamchatka Peninsula,Russia
Puncak Trikora,4750,Sudirman Range,Indonesia
Mont Blanc de Courmayeur,4748,Alps,Italy
Sunset Peak,4743,Himalaya,Pakistan
Mount Slaggard,4742,Saint Elias Mountains,Canada
Pico Piedras Blancas,4740,Andes,Venezuela
Pico El Toro,4729,Andes,Venezuela
Tatakooti Peak,4725,Himalaya,Pakistan
Rumiñahui,4721,Andes,Ecuador
Pico El Leon,4740,Andes,Venezuela
Ushba,4710,Caucasus Mountains,Georgia/Russia
Volcán Domuyo,4709,Andes,Argentina
Pico Los Nevados,4700,Andes,Venezuela
Pico Pan de Azucar,4680,Andes,Venezuela
Naltar Peak,4680,Karakoram,Pakistan
Mount Fairweather,4671,Saint Elias Mountains,Canada/USA
Pico Mucuñuque,4670,Andes,Venezuela
Pico El Buitre,4660,Andes,Venezuela
Khazret Sultan,4643,Gissar Range,Uzbekistan/Tajikistan
Sierra Negra,4640,Andes,Ecuador
Dufourspitze (Monte Rosa),4634,Alps,Switzerland/Italy
Dunantspitze (Monte Rosa),4632,Alps,Switzerland/Italy
Nordend (Monte Rosa),4609,Alps,Switzerland/Italy
Mount Hubbard,4577,Saint Elias Mountains,Canada/USA
Nevado de Toluca,4680,Trans-Mexican Volcanic Belt,Mexico
Mount Meru,4566,Arusha Region,Tanzania
Zumsteinspitze (Monte Rosa),4563,Alps,Switzerland/Italy
Signalkuppe (Monte Rosa),4554,Alps,Switzerland/Italy
Dom,4545,Alps,Switzerland
Ras Dashen,4550,Simien Mountains,Ethiopia
Eastern Liskamm (Lyskamm),4527,Alps,Switzerland/Italy
Mount Bear,4520,Saint Elias Mountains,USA
Mount Wilhelm,4509,Bismarck Range,Papua New Guinea
Mount Karisimbi,4507,Virunga Mountains,Rwanda/DR Congo
Mount Walsh,4500,Saint Elias Mountains,Canada
Belukha Mountain,4506,Altai Mountains,Russia/Kazakhstan
Middle Palisade,4271,Sierra Nevada,USA
Huron Peak,4271,Sawatch Range,USA
Mount of the Holy Cross,4269,Sawatch Range,USA
Thunderbolt Peak,4266,Sierra Nevada,USA
Sunshine Peak,4266,San Juan Mountains,USA
Mount Strickland,4265,Star Mountains,Papua New Guinea
Pigeon Peak,4264,San Juan Mountains,USA
Mount Kennedy,4250,Saint Elias Mountains,Canada
Pointe Bayeux,4258,Pennine Alps,Switzerland
Mont Blanc du Tacul,4248,Mont Blanc Massif,France
Stecknadelhorn,4241,Pennine Alps,Switzerland
Avalanche Peak,4240,Absaroka Range,USA
Castor,4228,Pennine Alps,Switzerland/Italy
Zinalrothorn,4221,Pennine Alps,Switzerland
Volcán Tajumulco,4220,Sierra Madre de Chiapas,Guatemala
Hohberghorn,4219,Pennine Alps,Switzerland
Turret Peak,4218,San Juan Mountains,USA
Mount Darwin,4214,Sierra Nevada,USA
Mount Hayes,4216,Alaska Range,USA
Sacabaya,4222,Andes,Bolivia
Grandes Jorasses,4208,Mont Blanc Massif,France/Italy
Gannett Peak,4209,Wind River Range,USA
Mauna Kea,4207,Hawaiian Islands,USA
Alphubel,4206,Pennine Alps,Switzerland
Cofre de Perote,4206,Trans-Mexican Volcanic Belt,Mexico
Zard-Kuh,4221,Zagros Mountains,Iran
Shah Alborz,4250,Alborz Mountains,Iran
Rimpfischhorn,4199,Pennine Alps,Switzerland
Grand Teton,4197,Teton Range,USA
Mount Cook,3724,Southern Alps,New Zealand
Aletschhorn,4193,Bernese Alps,Switzerland
Strahlhorn,4190,Pennine Alps,Switzerland/Italy
Fremont Peak,4189,Wind River Range,USA
Mount Warren,4189,Sierra Nevada,USA
Mount Sidley,4185,Executive Committee Range,Antarctica
Mount Abbot,4184,Sierra Nevada,USA
Dent d'Hérens,4171,Pennine Alps,Switzerland/Italy
Mauna Loa,4169,Hawaiian Islands,USA
Jbel Toubkal,4167,Atlas Mountains,Morocco
Mount Minto,4166,Admiralty Mountains,Antarctica
Breithorn (Western Summit),4165,Pennine Alps,Switzerland/Italy
Jungfrau,4158,Bernese Alps,Switzerland
Bishorn,4153,Pennine Alps,Switzerland
Mount Helen,4153,Sierra Nevada,USA
El Mela,4150,Andes,Venezuela
Mount Quincy Adams,4150,Saint Elias Mountains,USA
Doublet Peak,4149,Saint Elias Mountains,Canada
Turret Peak,4149,San Juan Mountains,USA
Mount Parnassus (Colorado),4140,Front Range,USA
Uludoruk (Reşko / Gelyaşin),4135,Southeastern Taurus Mountains,Turkey
Mount Sacagawea,4135,Wind River Range,USA
Mount Dubois,4135,Sierra Nevada,USA
Mount Muhabura,4127,Virunga Mountains,Rwanda/Uganda
Kings Peak,4123,Uinta Mountains,USA
Aiguille Verte,4122,Mont Blanc Massif,France
Mount Bangeta,4120,Finisterre Range,Papua New Guinea
Mount Dickerson,4120,Saint Elias Mountains,USA
Monte Tlaloc,4120,Trans-Mexican Volcanic Belt,Mexico
Jackson Peak,4119,Teton Range,USA
Cilo Dağı,4116,Southeastern Taurus Mountains,Turkey
Mount Woodrow Wilson,4116,Wind River Range,USA
Aiguilles du Diable,4114,Mont Blanc Massif,France
Bastion Peak,4114,Saint Elias Mountains,Canada
Aiguille Blanche de Peuterey,4112,Mont Blanc Massif,Italy
Mönch,4107,Bernese Alps,Switzerland
Mount Febbas,4105,Star Mountains,Papua New Guinea
Barre des Écrins,4102,Écrins Massif,France
Mount Aragats,4090,Aragatsotn Province,Armenia
Mount Cameroon,4095,Cameroon line,Cameroon
Mount Kinabalu,4095,Crocker Range,Malaysia
Grizzly Peak D,4093,Sawatch Range,USA
Pollux,4092,Pennine Alps,Switzerland/Italy
Mount Wade,4090,Saint Elias Mountains,USA
Nairamdal Peak,4088,Altai Mountains,Mongolia
Mount Victoria,4088,Nat Ma Taung,Myanmar
Centennial Peak,4087,Saint Elias Mountains,Canada
Gran Paradiso,4061,Graian Alps,Italy
Ober Gabelhorn,4063,Pennine Alps,Switzerland
Piz Bernina,4049,Bernina Range,Switzerland/Italy
Fiescherhorn,4049,Bernese Alps,Switzerland
Grünhorn,4043,Bernese Alps,Switzerland
Lauteraarhorn,4042,Bernese Alps,Switzerland
Aiguille du Géant,4013,Mont Blanc Massif,France/Italy
Mount Silverthrone,4029,Saint Elias Mountains,Canada
Mount Sniktau,4027,Front Range,USA
Azufral,4023,Andes,Colombia
Allalinhorn,4027,Pennine Alps,Switzerland
Wind River Peak,4022,Wind River Range,USA
Latsga,4020,Caucasus Mountains,Georgia/Russia
Weissmies,4017,Pennine Alps,Switzerland
Mount Waddington,4019,Coast Mountains,Canada
Mount Marcus Baker,4016,Chugach Mountains,USA
Dôme de neige des Écrins,4015,Écrins Massif,France
Conejos Peak,4014,San Juan Mountains,USA
Dent du Géant,4013,Mont Blanc Massif,France/Italy
Red Slate Mountain,4013,Sierra Nevada,USA
Cloud Peak,4013,Bighorn Mountains,USA
Wheeler Peak,4011,Sangre de Cristo Mountains,USA
Lagginhorn,4010,Pennine Alps,Switzerland
Twilight Peak,4009,San Juan Mountains,USA
Francs Peak,4009,Absaroka Range,USA
Mount Lahili,4008,Star Mountains,Papua New Guinea
Mount Walter,4008,Saint Elias Mountains,USA
Les Droites,4000,Mont Blanc Massif,France
Piz Zupò,3996,Bernina Range,Switzerland/Italy
Truchas Peak,3993,Sangre de Cristo Mountains,USA
Fletschhorn,3993,Pennine Alps,Switzerland
Mount Albert Edward,3990,Owen Stanley Range,Papua New Guinea
La Meije,3983,Écrins Massif,France
Wheeler Peak,3982,Snake Range,USA
Mount Dana,3981,Sierra Nevada,USA
Acatenango,3976,Sierra Madre de Chiapas,Guatemala
Piz Roseg,3937,Bernina Range,Switzerland/Italy
Piz Scerscen,3971,Bernina Range,Switzerland/Italy
Eiger,3970,Bernese Alps,Switzerland
Mount Tochal,3963,Alborz Mountains,Iran
Black Tooth Mountain,3962,Bighorn Mountains,USA
Grand Cornier,3962,Pennine Alps,Switzerland
Mount Owen,3941,Teton Range,USA
Ailefroide,3954,Écrins Massif,France
Mount Robson,3954,Canadian Rockies,Canada
Descabezado Grande,3953,Andes,Chile
Yu Shan (Mount Jade),3952,Central Mountain Range,Taiwan
Mont Pelvoux,3946,Écrins Massif,France
Mount Julian,3945,Sierra Nevada,USA
Mount Khalatsa,3940,Greater Caucasus,Russia/Georgia
Ajusco,3930,Trans-Mexican Volcanic Belt,Mexico
Mount Erciyes,3917,Taurus Mountains,Turkey
Bomber Mountain,3930,Bighorn Mountains,USA
Pic Sans Nom,3913,Écrins Massif,France
Jicarita Peak,3910,Sangre de Cristo Mountains,USA
Ortler,3905,Ortler Alps,Italy
Piz Palü,3900,Bernina Range,Switzerland/Italy
Middle Teton,3903,Teton Range,USA
Aiguille d'Argentière,3901,Mont Blanc Massif,France
Granite Peak,3904,Beartooth Mountains,USA
Mount Gibbs,3898,Sierra Nevada,USA
Mount Crillon,3898,Saint Elias Mountains,USA
Mont Blanc de Cheilon,3870,Pennine Alps,Switzerland
Aiguille du Goûter,3863,Mont Blanc Massif,France
Borah Peak,3859,Lost River Range,USA
Grande Casse,3855,Vanoise Massif,France
Humphreys Peak,3852,San Francisco Peaks,USA
Santa Fe Baldy,3849,Sangre de Cristo Mountains,USA
Mount Baldwin,3848,Sierra Nevada,USA
Aiguille du Midi,3842,Mont Blanc Massif,France
Mount Moran,3842,Teton Range,USA
Monte Viso,3841,Cottian Alps,Italy/France
Sauyr Zhotasy,3840,Tarbagatai Mountains,Kazakhstan/China
Mount Saramati,3841,Patkai Range,Myanmar/India
Nesthorn,3823,Bernese Alps,Switzerland
Cerro Chirripó,3820,Cordillera de Talamanca,Costa Rica
Aiguille des Glaciers,3816,Mont Blanc Massif,France/Italy
South Teton,3816,Teton Range,USA
La Râteau,3809,Écrins Massif,France
Mount Kerinci,3805,Barisan Mountains,Indonesia
Grossglockner,3798,Hohe Tauern,Austria
Pigne d'Arolla,3790,Pennine Alps,Switzerland
Mount Erebus,3794,Ross Island,Antarctica
Mont Pourri,3779,Vanoise Massif,France
Mount Fuji,3776,Honshu,Japan
Wildspitze,3770,Ötztal Alps,Austria
Greenhorn Mountain,3764,Wet Mountains,USA
Volcán de Fuego,3763,Sierra Madre de Chiapas,Guatemala
Mount Villard,3760,Saint Elias Mountains,USA
Teewinot Mountain,3759,Teton Range,USA
Aiguille du Dru,3754,Mont Blanc Massif,France
Aoraki / Mount Cook,3724,Southern Alps,New Zealand
Pointe de Charbonnel,3752,Graian Alps,France/Italy
Piz Morteratsch,3751,Bernina Range,Switzerland
Sawtooth Mountain,3741,Sawtooth Range,USA
Mount Davis,3734,Allegheny Mountains,USA
Mount Morrison,3731,Sierra Nevada,USA
Mount Taibai,3767,Qinling Mountains,China
Aiguille de la Grande Sassière,3747,Graian Alps,France/Italy
Lanín,3776,Andes,Argentina/Chile
Mount Adams,3749,Cascade Range,USA
Mount Columbia,3748,Canadian Rockies,Canada
Mount Adams,3749,White Mountains,USA
Teepe Pillar,3740,Bighorn Mountains,USA
Weißkugel,3738,Ötztal Alps,Austria
Minarets,3735,Sierra Nevada,USA
Mount Huntington,3731,Alaska Range,USA
Bedori Peak,3729,Pir Panjal Range,Pakistan
Mount Rinjani,3726,Lombok,Indonesia
Cerro del Potosí,3723,Sierra Madre Oriental,Mexico
Diamond Peak,3721,Cascade Range,USA
Teide,3718,Tenerife,Spain
Asperity Mountain,3718,Saint Elias Mountains,USA
Cerro de la Viga,3715,Sierra Madre Oriental,Mexico
Delano Peak,3709,Tushar Mountains,USA
Sahand,3707,Sahand Mountains,Iran
Monte San Lorenzo,3706,Andes,Argentina/Chile
Wetterhorn,3706,Bernese Alps,Switzerland
Mount Valhalla,3705,Saint Elias Mountains,Canada
Dent Parrachée,3697,Vanoise Massif,France
Gunnbjørn,3694,Watkins Range,Greenland
North Twin Peak,3684,Canadian Rockies,Canada
Monte Disgrazia,3678,Rhaetian Alps,Italy
Semeru,3676,Java,Indonesia
Weisshorn,4506,Alps,Switzerland
Tebulosmta,4493,Caucasus Mountains,Russia/Georgia
Täschhorn,4491,Alps,Switzerland
Bazarduzu Dagi,4485,Caucasus Mountains,Azerbaijan/Russia
Matterhorn,4478,Alps,Switzerland/Italy
Mount Rutford,4477,Sentinel Range,Antarctica
Mont Maudit,4465,Alps,France/Italy
Babis Mta,4462,Caucasus Mountains,Georgia/Russia
Mount Shani,4459,Sulaiman Mountains,Pakistan
Dena,4409,Zagros Mountains,Iran
Vladimir Putin Peak,4446,Tian Shan,Kyrgyzstan
Mount Hunter,4442,Alaska Range,USA
Parrotspitze (Monte Rosa),4432,Alps,Switzerland/Italy
La Malinche,4461,Trans-Mexican Volcanic Belt,Mexico
Mount Whitney,4421,Sierra Nevada,USA
Mount Alverstone,4419,Saint Elias Mountains,Canada/USA
University Peak,4411,Saint Elias Mountains,USA
Aello Peak,4404,Saint Elias Mountains,USA
Mount Elbert,4401,Sawatch Range,USA
Mount Massive,4398,Sawatch Range,USA
Mount Harvard,4397,Sawatch Range,USA
Mount Rainier,4392,Cascade Range,USA
Apharwat Peak,4390,Himalaya,India
Kholeno,4389,Caucasus Mountains,Russia/Georgia
Mount Williamson,4383,Sierra Nevada,USA
Tavan Bogd Uul,4374,Altai Mountains,Mongolia/China/Russia
Blanca Peak,4372,Sangre de Cristo Mountains,USA
La Plata Peak,4368,Sawatch Range,USA
Mount Giluwe,4368,Southern Highlands,Papua New Guinea
Burchula,4360,Caucasus Mountains,Georgia/Russia
Uncompahgre Peak,4361,San Juan Mountains,USA
Dent Blanche,4357,Alps,Switzerland
Crestone Peak,4357,Sangre de Cristo Mountains,USA
Mount Lincoln,4357,Mosquito Range,USA
Azad Kuh,4355,Alborz Mountains,Iran
Grays Peak,4352,Front Range,USA
Mount Evans,4351,Front Range,USA
Quandary Peak,4348,Tenmile Range,USA
Lalveri,4348,Caucasus Mountains,Georgia/Russia
Mount Antero,4346,Sawatch Range,USA
Torreys Peak,4345,Front Range,USA
Castle Peak,4343,Elk Mountains,USA
Longs Peak,4345,Front Range,USA
McArthur Peak,4344,Saint Elias Mountains,Canada
Mount Wilson,4342,San Juan Mountains,USA
White Mountain Peak,4344,White Mountains,USA
North Palisade,4343,Sierra Nevada,USA
Ludwigshöhe (Monte Rosa),4341,Alps,Switzerland/Italy
Mount Shavano,4339,Sawatch Range,USA
Colima,4330,Trans-Mexican Volcanic Belt,Mexico
Crestone Needle,4329,Sangre de Cristo Mountains,USA
Mount Belford,4329,Sawatch Range,USA
Mount Princeton,4328,Sawatch Range,USA
Mount Shasta,4322,Cascade Range,USA
Mount Elgon,4321,Eastern Rift Highlands,Uganda/Kenya
Mount Bross,4320,Mosquito Range,USA
Kit Carson Mountain,4319,Sangre de Cristo Mountains,USA
Mount Wrangell,4317,Wrangell Mountains,USA
Maroon Peak,4317,Elk Mountains,USA
Tabeguache Peak,4316,San Juan Mountains,USA
El Diente Peak,4313,San Juan Mountains,USA
Mount Sill,4316,Sierra Nevada,USA
Grand Combin,4314,Alps,Switzerland
Mount Oxford (Colorado),4314,Sawatch Range,USA
Mount Sneffels,4313,San Juan Mountains,USA
Mount Democrat,4312,Mosquito Range,USA
Capitol Peak,4309,Elk Mountains,USA
Pikes Peak,4302,Front Range,USA
Mount Russell,4294,Sierra Nevada,USA
Snowmass Mountain,4294,Elk Mountains,USA
Lenzspitze,4294,Alps,Switzerland
Mount Eolus,4294,San Juan Mountains,USA
Windom Peak,4293,San Juan Mountains,USA
Challenger Point,4291,Sangre de Cristo Mountains,USA
Mount Columbia,4288,Sawatch Range,USA
Mount Adishi,4284,Caucasus Mountains,Georgia/Russia
Mount Augusta,4289,Saint Elias Mountains,Canada/USA
Humboldt Peak (Colorado),4286,Sangre de Cristo Mountains,USA
Split Mountain,4286,Sierra Nevada,USA
Mount Bierstadt,4286,Front Range,USA
Diklosmta,4285,Caucasus Mountains,Russia/Georgia
Sunlight Peak,4285,San Juan Mountains,USA
Mount Sidley,4285,Executive Committee Range,Antarctica
Missouri Mountain,4283,Sawatch Range,USA
Culebra Peak,4283,Sangre de Cristo Mountains,USA
Handies Peak,4282,San Juan Mountains,USA
Ellingwood Point,4282,Sangre de Cristo Mountains,USA
Mount Lindsey,4281,Sangre de Cristo Mountains,USA
Little Bear Peak,4281,Sangre de Cristo Mountains,USA
Mount Sherman,4279,Mosquito Range,USA
Redcloud Peak,4278,San Juan Mountains,USA
Galeras,4276,Andes,Colombia
Mount Langley,4274,Sierra Nevada,USA
Finsteraarhorn,4274,Alps,Switzerland
Pyramid Peak,4273,Elk Mountains,USA
Mount Tyndall,4273,Sierra Nevada,USA
Wilson Peak,4272,San Juan Mountains,USA
Mount Muir,4272,Sierra Nevada,USA
San Luis Peak,4272,San Juan Mountains,USA
Wetterhorn Peak,4272,San Juan Mountains,USA
Les Bans,3669,Écrins Massif,France
Cloudveil Dome,3666,Wind River Range,USA
Thor Peak,3665,Baffin Mountains,Canada
Medicine Bow Peak,3662,Medicine Bow Mountains,USA
Hyndman Peak,3660,Pioneer Mountains,USA
Mount Clemenceau,3658,Canadian Rockies,Canada
Mount Frakes,3654,Crary Mountains,Antarctica
Grande Motte,3653,Vanoise Massif,France
Sierra Blanca,3652,Sacramento Mountains,USA
Pointe de la Fournache,3639,Vanoise Massif,France
Buck Mountain,3638,Teton Range,USA
Mount Nebo,3636,Wasatch Range,USA
Mount Charleston,3632,Spring Mountains,USA
Hintere Schwärze,3628,Ötztal Alps,Austria/Italy
Nez Perce Peak,3628,Teton Range,USA
Mount Alberta,3619,Canadian Rockies,Canada
Mount Assiniboine,3618,Canadian Rockies,Canada
Tödi,3614,Glarus Alps,Switzerland
Mount Forbes,3612,Canadian Rockies,Canada
Lautaro,3607,Southern Patagonian Ice Field,Chile
Dôme de la Sache,3601,Vanoise Massif,France
Castle Peak,3601,Elk Mountains,USA
Dôme de l'Arpont,3601,Vanoise Massif,France
Dôme de Chasseforêt,3586,Vanoise Massif,France
Makra Peak,3586,Himalaya,Pakistan
Sierra Velluda,3585,Andes,Chile
Grand Roc Noir,3582,Vanoise Massif,France
Mount Timpanogos,3581,Wasatch Range,USA
Mount Alvand,3580,Zagros Mountains,Iran
Dôme des Nants,3570,Vanoise Massif,France
Ryan Peak,3579,Pioneer Mountains,USA
South Twin Peak,3566,Canadian Rockies,Canada
Olan,3564,Écrins Massif,France
Aiguille de Péclet,3561,Vanoise Massif,France
Presanella,3558,Adamello-Presanella Alps,Italy
Mount Steere,3558,Crary Mountains,Antarctica
Monarch Mountain,3555,Coast Mountains,Canada
Monte Leone,3553,Lepontine Alps,Switzerland/Italy
Mont Turia,3550,Vanoise Massif,France
Mount Temple,3544,Canadian Rockies,Canada
Disappointment Peak,3542,Teton Range,USA
Mount Woodring,3540,Saint Elias Mountains,USA
Aiguille de Polset,3538,Vanoise Massif,France
Snow Dome,3536,Canadian Rockies,Canada
Aiguilles d'Arves,3514,Cottian Alps,France
Mount Ellen (Utah),3508,Henry Mountains,USA
Mont de Gébroulaz,3509,Vanoise Massif,France
Mount San Gorgonio,3506,San Bernardino Mountains,USA
Mount Kitchener,3505,Canadian Rockies,Canada
Zuckerhütl,3507,Stubai Alps,Austria/Italy
Mount Wister,3505,Teton Range,USA
Mount Saskatchewan,3501,Canadian Rockies,Canada
Mount Tasman,3497,Southern Alps,New Zealand
Mount Hungabee,3492,Canadian Rockies,Canada
Mount Athabasca,3491,Canadian Rockies,Canada
Tronador,3491,Andes,Argentina/Chile
Mount Saint John,3489,Saint Elias Mountains,Canada
Thabana Ntlenyana,3482,Drakensberg,Lesotho
Pointes du Châtelard,3480,Vanoise Massif,France
Mulhacén,3479,Sierra Nevada,Spain
Mount Berlin,3478,McCormick Range,Antarctica
Mount Pennell,3478,Saint Elias Mountains,USA
Volcán Barú,3474,Cordillera de Talamanca,Panama
Koh-i-Takatu Sraghurgai,3472,Hindu Kush,Pakistan
Roc des Saints Pères,3470,Vanoise Massif,France
Mount Brazeau,3470,Canadian Rockies,Canada
Mount Nyiragongo,3470,Virunga Mountains,DR Congo
Ruby Dome,3463,Ruby Mountains,USA
Roche de la Muzelle,3465,Écrins Massif,France
Mount Victoria,3462,Canadian Rockies,Canada
Abajo Peak,3462,Abajo Mountains,USA
Eagle Peak,3462,Teton Range,USA
Doane Peak,3461,Teton Range,USA
Ranger Peak,3460,Teton Range,USA
Mount Takahe,3460,Marie Byrd Land,Antarctica
Cerro de la Muerte,3451,Cordillera de Talamanca,Costa Rica
Furgghorn,3451,Pennine Alps,Switzerland/Italy
Mafadi,3451,Drakensberg,South Africa/Lesotho
Mount Andromeda,3450,Canadian Rockies,Canada
Boulder Mountain,3447,Sawatch Range,USA
Mount Joffre,3449,Canadian Rockies,Canada
Hilgard Peak,3447,Madison Range,USA
Static Peak,3446,Teton Range,USA
Thousand Lake Mountain,3443,Aquarius Plateau,USA
Pointe de la Sana,3436,Vanoise Massif,France
Eagles Rest Peak,3435,Teton Range,USA
Irazú Volcano,3432,Cordillera Central,Costa Rica
Mount Hood,3429,Cascade Range,USA
Verpeilspitze,3425,Ötztal Alps,Austria
Deltaform Mountain,3424,Canadian Rockies,Canada
Mount Lefroy,3423,Canadian Rockies,Canada
Pointe de l'Échelle,3420,Vanoise Massif,France
Pointe du Bouchet,3420,Vanoise Massif,France
Mount Fitzgerald,3419,Saint Elias Mountains,Canada
Bellecôte,3417,Vanoise Massif,France
Crazy Peak,3415,Crazy Mountains,USA
Emi Koussi,3415,Tibesti Mountains,Chad
Piz Linard,3411,Silvretta Alps,Switzerland
Mount Woolley,3410,Canadian Rockies,Canada
Aneto,3404,Pyrenees,Spain
Lone Mountain,3400,Madison Range,USA
Fluchthorn,3399,Silvretta Alps,Switzerland/Austria
Grand Bec,3399,Vanoise Massif,France
Rockchuck Peak,3398,Teton Range,USA
Pico Veleta,3396,Sierra Nevada,Spain
Mount Hector,3394,Canadian Rockies,Canada
Piz Platta,3392,Lepontine Alps,Switzerland
Telescope Peak,3368,Panamint Range,USA
Champagne Castle,3377,Drakensberg,South Africa
Pic Uzu,3376,Pyrenees,Spain
Cerro Chaltén,3375,Andes,Argentina/Chile
Mount Spurr,3374,Alaska Range,USA
Pointe du Vallonnet,3370,Vanoise Massif,France
Mammoth Mountain,3369,Sierra Nevada,USA
Fründenhorn,3368,Bernese Alps,Switzerland
Pointe Renod,3367,Vanoise Massif,France
Traverse Peak,3366,Wasatch Range,USA
Mount Edith Cavell,3363,Canadian Rockies,Canada
Dôme des Sonnailles,3360,Vanoise Massif,France
Valvelspitze,3359,Ötztal Alps,Austria
Mount Etna,3357,Sicily,Italy
Mount Agepsta,3357,Greater Caucasus,Georgia/Russia
Mount Munday,3356,Coast Mountains,Canada
Pointe de Claret,3355,Vanoise Massif,France
Monte Perdido,3355,Pyrenees,Spain/France
Electric Peak,3343,Gallatin Range,USA
Marmolada,3343,Dolomites,Italy
Mount Saskatchewan,3342,Canadian Rockies,Canada
Cerro Fábrega,3335,Cordillera de Talamanca,Panama
Ward Mountain,3334,Snake Range,USA
Pointe de Méan Martin,3330,Vanoise Massif,France
Dôme de Polset,3329,Vanoise Massif,France
Cathedral Peak,3326,Teton Range,USA
Raynolds Peak,3326,Wind River Range,USA
Rolling Thunder Mountain,3325,Teton Range,USA
Mount Hampton,3323,Executive Committee Range,Antarctica
Dôme des Pichères,3320,Vanoise Massif,France
Grand Roc,3320,Vanoise Massif,France
Giant's Castle,3315,Drakensberg,South Africa
Sunwapta Peak,3315,Canadian Rockies,Canada
Piz Buin,3312,Silvretta Alps,Switzerland/Austria
Mount Ball,3311,Canadian Rockies,Canada
Piz Badile,3308,Rhaetian Alps,Switzerland/Italy
Ağ Dağ,3301,Eastern Anatolia Region,Turkey
San Jacinto Peak,3302,San Jacinto Mountains,USA
Didi Abuli,3301,Lesser Caucasus,Georgia
Silberhorn,3300,Bernese Alps,Switzerland
Bivouac Peak,3300,Teton Range,USA
Mount Wilbur,3300,Glacier National Park,USA
Monte Argentera,3297,Maritime Alps,Italy/France
Mount Rose (Nevada),3285,Carson Range,USA
Mount Samsari,3285,Lesser Caucasus,Georgia
Roche Chevrière,3282,Vanoise Massif,France
Habicht,3277,Stubai Alps,Austria
Thompson Peak,3277,Sawtooth Range,USA
Mount Chephren,3266,Canadian Rockies,Canada
Pointe de Thorens,3266,Vanoise Massif,France
Mount Cramer,3264,Sawtooth Range,USA
Toussidé,3260,Tibesti Mountains,Chad
Antelao,3264,Dolomites,Italy
Mont Pelve,3261,Vanoise Massif,France
Mount Stanley Baldwin,3260,Saint Elias Mountains,Canada
Sandia Crest,3255,Sandia Mountains,USA
Épaule du Bouchet,3255,Vanoise Massif,France
Mount Smythe,3254,Saint Elias Mountains,Canada
Wildstrubel,3244,Bernese Alps,Switzerland
Williams Peak,3244,Sawtooth Range,USA
Mount Hope,3239,Sawatch Range,USA
Titlis,3238,Uri Alps,Switzerland
Owl Peak,3238,Teton Range,USA
Mount Mackenzie King,3238,Saint Elias Mountains,Canada
Pointe des Buffettes,3237,Vanoise Massif,France
Lisenser Spitze,3230,Stubai Alps,Austria
Mount Terror,3230,Ross Island,Antarctica
Aiguille Rouge,3227,Vanoise Massif,France
Monte Civetta,3220,Dolomites,Italy
Symmetry Spire,3220,Teton Range,USA
Glacier Peak,3213,Cascade Range,USA
Pointe du Dard,3212,Vanoise Massif,France
Mount Binalud,3211,Binalud Mountains,Iran
Pointe de la Réchasse,3210,Vanoise Massif,France
Mount Jefferson,3200,Cascade Range,USA
Mount Jefferson,3207,White Mountains,USA
Dreiländerspitze,3197,Silvretta Alps,Switzerland/Austria
Mount Kita,3193,Southern Alps,Japan
Mount Hotaka,3190,Hida Mountains,Japan
Mount Cleveland,3190,Chugach Mountains,USA
Ainodake,3190,Southern Alps,Japan
Lassen Peak,3187,Cascade Range,USA
Mount Galatea,3185,Canadian Rockies,Canada
Rendezvous Mountain,3183,Teton Range,USA
Saviers Peak,3180,Teton Range,USA
Mount Yari,3180,Hida Mountains,Japan
Kendrick Peak,3179,San Francisco Peaks,USA
Kendrick Peak,3179,San Francisco Peaks,USA
Parícutin,3170,Trans-Mexican Volcanic Belt,Mexico
Mount Aylmer,3162,Canadian Rockies,Canada
South Sister,3158,Cascade Range,USA
Stanley Peak,3155,Canadian Rockies,Canada
Jøkulkyrkja,3148,Mühlig-Hofmann Mountains,Antarctica
Pica d'Estats,3143,Pyrenees,Spain/France
Phan Xi Păng,3143,Hoàng Liên Son,Vietnam
Mount Arakawa,3141,Southern Alps,Japan
Gray Peak,3139,Adirondack Mountains,USA
Mount Heyburn,3138,Sawtooth Range,USA
Mount Washburn,3137,Absaroka Range,USA
Mount Collie,3136,Canadian Rockies,Canada
Mount Siple,3110,Siple Coast Range,Antarctica
Pirchinassi,3110,Himalaya,Pakistan
Mount Redoubt,3109,Alaska Range,USA
Mount Babel,3101,Canadian Rockies,Canada
Mount Emei,3099,Sichuan,China
Pico Duarte,3098,Cordillera Central,Dominican Republic
Trapper Peak,3097,Bitterroot Range,USA
Storm Mountain,3096,Canadian Rockies,Canada
Mount Blackmore,3095,Madison Range,USA
Mount Stimson,3094,Lewis Range,USA
Mol Len,3085,Chin Hills,Myanmar
Qurnat as Sawdā’,3088,Mount Lebanon Range,Lebanon
Mount Richardson,3088,Canadian Rockies,Canada
Kintla Peak,3085,Lewis Range,USA
Mount Moulton,3078,Flood Range,Antarctica
Smoky Dome,3078,Sawtooth Range,USA
Jebel akthar,3075,Al Hajar Mountains,Oman
North Sister,3074,Cascade Range,USA
Piton des Neiges,3070,Réunion,France
Mount San Antonio,3068,San Gabriel Mountains,USA
Mount Ontake,3067,Hida Mountains,Japan
Mount Jackson,3067,Antarctica Peninsula,Antarctica
Middle Sister,3063,Cascade Range,USA
Mount Wutai,3061,Shanxi,China
Mount Nyamuragira,3058,Virunga Mountains,DR Congo
Haleakala,3055,Maui,USA
Crowfoot Mountain,3050,Canadian Rockies,Canada
Mount Chester,3050,Canadian Rockies,Canada
Mount Siyeh,3049,Lewis Range,USA
Mount Merritt,3048,Lewis Range,USA
Cerro de Coxóm,3045,Sierra Madre de Chiapas,Guatemala
Parseierspitze,3036,Lechtal Alps,Austria
Mount Senjō,3033,Southern Alps,Japan
Mount Aspiring/Tititea,3033,Southern Alps,New Zealand
Kinnerly Peak,3032,Sawtooth Range,USA
Mount Agung,3031,Bali,Indonesia
Mount McArthur,3030,Canadian Rockies,Canada
Mount Norikura,3026,Hida Mountains,Japan
Tsiteli Khati,3026,Lesser Caucasus,Georgia
Mount Tate,3017,Hida Mountains,Japan
Mount Japvo,3014,Naga Hills,India
Mount Tahat,3003,Hoggar Mountains,Algeria
Sapitwa,3002,Mulanje Massif,Malawi
The Fortress,3000,Canadian Rockies,Canada
Tre Cime di Lavaredo,2999,Dolomites,Italy
Pizzo Centrale,2999,Lepontine Alps,Switzerland
Cascade Mountain,2998,Adirondack Mountains,USA
Copahue,2997,Andes,Argentina/Chile
Mount Girouard,2996,Canadian Rockies,Canada
Pico da Neblina,2995,Serra da Neblina,Brazil/Venezuela
Mount Whyte,2995,Canadian Rockies,Canada
Miranjani,2992,Himalaya,Pakistan
Forellen Peak,2991,Teton Range,USA
Mount Andrus,2978,Ames Range,Antarctica
Mount Niblock,2976,Canadian Rockies,Canada
Pico 31 de Março,2973,Serra da Neblina,Brazil/Venezuela
Keele Peak,2972,Selwyn Mountains,Canada
Mount Odin,2971,Baffin Mountains,Canada
Schilthorn,2970,Bernese Alps,Switzerland
Mount Tallac,2968,Sierra Nevada,USA
Mount Inglismaldie,2964,Canadian Rockies,Canada
Mount Ramelau,2963,Timor,East Timor
Zugspitze,2962,Wetterstein Mountains,Germany/Austria
Slide Mountain (Nevada),2959,Carson Range,USA
Little Alberta,2958,Canadian Rockies,Canada
Mount Arfak,2955,Arfak Mountains,Indonesia
Iron Mountain,2955,Teton Range,USA
Apo,2954,Mindanao,Philippines
Fossil Mountain,2952,Canadian Rockies,Canada
Coma Pedrosa,2942,Pyrenees,Andorra
Going to the Sun Mountain,2941,Lewis Range,USA
Fishers Peak,2941,Raton-Clayton Volcanic Field,USA
Pilot Mountain,2940,Cascade Range,USA
Uri Rotstock,2928,Uri Alps,Switzerland
Musala,2925,Rila Mountains,Bulgaria
Mount Pulag,2922,Cordillera Central,Philippines
Mount Olympus,2918,Olympus Range,Greece
Vihren,2914,Pirin Mountains,Bulgaria
Mount Gould,2913,Lewis Range,USA
Corno Grande,2912,Apennine Mountains,Italy
Mount Blakiston,2910,Canadian Rockies,Canada
Puigmal,2910,Pyrenees,Spain/France
Kutelo,2908,Pirin Mountains,Bulgaria
Mount Sas dla Crusc,2907,Dolomites,Italy
Chutine Peak,2907,Coast Mountains,Canada
Malka Musala,2902,Rila Mountains,Bulgaria
Rising Wolf Mountain,2898,Lewis Range,USA
Bonanza Peak,2899,North Cascades,USA
Mount McLoughlin,2894,Cascade Range,USA
Pic de Sanfonts,2894,Pyrenees,Andorra
Pico da Bandeira,2892,Serra da Mantiqueira,Brazil
Collarada,2886,Pyrenees,Spain
Banski Suhodol,2884,Pirin Mountains,Bulgaria
Boardman Peak,2883,Snake Range,USA
Mount Wrightson,2881,Santa Rita Mountains,USA
Lembert Dome,2880,Sierra Nevada,USA
Sacajawea Peak,2879,Wallowa Mountains,USA
Mount Stuart,2870,Cascade Range,USA
Mount Fisht,2867,Greater Caucasus,Russia
Mount Silverthrone,2864,Saint Elias Mountains,Canada
Mount Baden-Powell,2862,San Gabriel Mountains,USA
Triglav,2864,Julian Alps,Slovenia
Mount Saint Nicholas,2861,Lewis Range,USA
Irechek,2852,Rila Mountains,Bulgaria
Polezhan,2851,Pirin Mountains,Bulgaria
Mount Tabayoc,2842,Cordillera Central,Philippines
Mount Wilbur,2839,Glacier National Park,USA
Pico do Fogo,2829,Fogo,Cape Verde
Kamenitsa,2822,Pirin Mountains,Bulgaria
Bayuvi dupki,2820,Pirin Mountains,Bulgaria
Mount Fernow,2819,Cascade Range,USA
Mount Hermon,2814,Anti-Lebanon Mountains,Syria/Lebanon
Mount Deakin,2810,Saint Elias Mountains,Canada
Mount Cory,2802,Canadian Rockies,Canada
Mount Thielsen,2799,Cascade Range,USA
Pedra da Mina,2798,Serra da Mantiqueira,Brazil
Mount Ruapehu,2797,Taupo Volcanic Zone,New Zealand
Copper Mountain,2796,Snake Range,USA
Maiella,2793,Apennine Mountains,Italy
Pico das Agulhas Negras,2791,Serra da Mantiqueira,Brazil
Deno,2790,Greater Caucasus,Russia
Hayes Volcano,2780,Alaska Range,USA
Mount Edziza,2786,Edziza Plateau volcanic complex,Canada
Canigou,2784,Pyrenees,France
Mount Weaver,2783,Saint Elias Mountains,Canada
Buckner Mountain,2783,North Cascades,USA
Mount Longonot,2776,Great Rift Valley,Kenya
Seven Fingered Jack,2774,Cascade Range,USA
Mount Nirvana,2773,Saint Elias Mountains,Canada
Pico do Cristal,2770,Serra do Caparaó,Brazil
Chief Mountain,2767,Lewis Range,USA
Ovcharets,2768,Rila Mountains,Bulgaria
Lincoln Peak,2766,Snake Range,USA
Castle Mountain,2766,Canadian Rockies,Canada
Pyramid Mountain,2766,Canadian Rockies,Canada
Pico Naiguata (Avila),2765,Venezuelan Coastal Range,Venezuela
Mount Bachelor,2764,Cascade Range,USA
Mount Korab,2764,Korab Mountains,North Macedonia/Albania
Yalovarnika,2763,Rila Mountains,Bulgaria
Gazey,2760,Greater Caucasus,Russia
Mount Sir James MacBrien,2759,Saint Elias Mountains,Canada
Kaymakchal,2752,Voras Mountains,North Macedonia/Greece
Mount Olympus,2750,Troodos Mountains,Cyprus
Todorka,2746,Pirin Mountains,Bulgaria
Mawson Peak,2745,Heard Island,Australia
Fairview Mountain,2744,Canadian Rockies,Canada
Mount Baekdu,2744,Changbai Mountains,China/North Korea
Škrlatica,2740,Julian Alps,Slovenia
Monte Roraima,2734,Pakaraima Mountains,Venezuela/Brazil/Guyana
Heavens Peak,2733,Lewis Range,USA
Mount Spickard,2733,North Cascades,USA
Banderishki Chukar,2732,Pirin Mountains,Bulgaria
Mount Melbourne,2732,Victoria Land,Antarctica
Cerro El Pital,2730,Sierra Madre de Chiapas,El Salvador/Honduras
Mount Redoubt,2728,Cascade Range,USA
Dzhengal,2727,Greater Caucasus,Russia
Malyovitsa,2729,Rila Mountains,Bulgaria
Pizzo di Claro,2727,Lepontine Alps,Switzerland
Mount Morning,2723,Victoria Land,Antarctica
Phu Xai Lai Leng,2720,Annamite Range,Laos/Vietnam
Serles,2718,Stubai Alps,Austria
Mount Singakalsa (Timbak),2717,Cordillera Central,Philippines
Watzmann,2713,Berchtesgaden Alps,Germany
Boston Peak,2712,North Cascades,USA
Schiahorn,2709,Plessur Alps,Switzerland
Grotto Mountain,2706,Canadian Rockies,Canada
Mount Haku,2702,Ryōhaku Mountains,Japan
Eldorado Peak,2702,North Cascades,USA
Anaimudi,2695,Cardamom Hills,India
Maja Jezerce,2694,Prokletije,Albania
Half Dome,2696,Sierra Nevada,USA
Mount Louis,2682,Canadian Rockies,Canada
Mount Discovery,2681,Victoria Land,Antarctica
Morro do Couto,2680,Serra da Mantiqueira,Brazil
Pic de la Selle,2680,Massif de la Selle,Haiti
Mount Garibaldi,2678,Coast Mountains,Canada
Bashliyski Chukar,2676,Pirin Mountains,Bulgaria
Pedra do Sino,2670,Serra dos Órgãos,Brazil
Guadalupe Peak,2667,Guadalupe Mountains,USA
Gjeravica,2656,Prokletije,Kosovo
Großer Krottenkopf,2656,Lechtal Alps,Austria
Pic del Port Vell,2655,Pyrenees,Andorra
Gerlachov Peak,2654,High Tatras,Slovakia
Mount Michelson,2654,Brooks Range,USA
Torre Cerredo,2650,Picos de Europa,Spain
Mount St. Piran,2649,Canadian Rockies,Canada
Mount Meager,2648,Coast Mountains,Canada
Mount Trus Madi,2642,Crocker Range,Malaysia
Meesapulimala,2640,Cardamom Hills,India
Doddabetta,2637,Nilgiri Hills,India
Piton de la Fournaise,2632,Réunion,France
Mount Crean,2631,Victoria Land,Antarctica
Naina Peak (China Peak),2615,Kumaon Himalaya,India
Cardinal Peak,2615,North Cascades,USA
Peña Vieja,2614,Picos de Europa,Spain
Barbeau Peak,2616,British Empire Range,Canada
Pelister Peak,2601,Baba Mountain,North Macedonia
Mount Abao,2600,Cordillera Central,Philippines
Pico Almanzor,2591,Sierra de Gredos,Spain
Mount Currie,2591,Coast Mountains,Canada
Pizzo Molare,2585,Lepontine Alps,Switzerland
Mount Tavkvetili,2583,Greater Caucasus,Georgia
Mount Tambuyukon,2579,Crocker Range,Malaysia
Argonaut Peak,2577,North Cascades,USA
Doi Inthanon,2565,Thanon Thong Chai Range,Thailand
Cooke's Peak/Cook's Peak,2563,Cooke's Range,USA
Pic dels Aspres,2561,Pyrenees,Andorra
Ledyanaya,2558,Greater Caucasus,Russia
Aguja Saint Exupery,2558,Andes,Argentina/Chile
Mount St. Helens,2550,Cascade Range,USA
Big Hatchet Peak,2549,Big Hatchet Mountains,USA
Moldoveanu Peak,2544,Făgăraș Mountains,Romania
Mount Vineuo,2544,Greater Caucasus,Russia
Negoiu Peak,2535,Făgăraș Mountains,Romania
Vistea Mare,2527,Făgăraș Mountains,Romania
Pidurutalagala,2524,Central Highlands,Sri Lanka
Mount Norquay,2523,Canadian Rockies,Canada
Hualalai,2523,Hawaii,USA
Mount Yesenin,2521,Greater Caucasus,Russia
Parangu Mare,2519,Parâng Mountains,Romania
Mount Taranaki/Egmont,2518,Taranaki,New Zealand
Garfield Peak,2515,Cascade Range,USA
Mount Joern,2514,Saint Elias Mountains,Canada
Mount Veniaminof,2507,Alaska Peninsula,USA
Omu Peak,2505,Bucegi Mountains,Romania
Rysy,2503,Tatra Mountains,Poland/Slovakia
Mount Tymfi,2497,Pindus Mountains,Greece
Monte Velino,2487,Apennine Mountains,Italy
Monte Vettore,2476,Apennine Mountains,Italy
Špik,2472,Julian Alps,Slovenia
Luna Peak,2470,North Cascades,USA
Galdhøpiggen,2469,Jotunheimen,Norway
Kanlaon,2465,Negros Island,Philippines
Glittertind,2464,Jotunheimen,Norway
El Capitan,2460,Sierra Nevada,USA
Shimbiris,2460,Surud Mountain Range,Somalia
Mayon,2462,Luzon,Philippines
Monte Gorzano,2458,Apennine Mountains,Italy
Mount Psiloritis,2456,Crete,Greece
Mount Pachnes (Lefka Ori),2453,Crete,Greece
Sulphur Mountain,2451,Canadian Rockies,Canada
Sunset Crater,2451,San Francisco Volcanic Field,USA
Cima del Redentore (Sibillini Mountains),2448,Apennine Mountains,Italy
Faraya Mzaar,2465,Mount Lebanon Range,Lebanon
Triple Divide Peak,2444,Lewis Range,USA
Blackcomb Peak,2440,Coast Mountains,Canada
Monte Binga,2436,Chimanimani Mountains,Mozambique
Mount Olympus,2432,Troodos Mountains,Cyprus
Peñalara,2428,Sierra de Guadarrama,Spain
Mesa de los Tres Reyes,2428,Pyrenees,Spain/France
Mount Daniel,2427,Cascade Range,USA
Mount Murud,2424,Borneo,Malaysia
Mocho,2423,Cordillera Central,Dominican Republic
Choshuenco,2423,Andes,Chile
Ivis Peak,2421,North Cascades,USA
Ha Ling Peak,2407,Canadian Rockies,Canada
Store Skagastølstind,2405,Jotunheimen,Norway
Hajla,2403,Prokletije,Kosovo/Montenegro
Le Tabor,2389,French Alps,France
Kirigalpottha,2388,Central Highlands,Sri Lanka
Maglić,2386,Dinaric Alps,Bosnia and Herzegovina/Montenegro
Emory Peak,2385,Chisos Mountains,USA
Mount Cayley,2385,Coast Mountains,Canada
Mount Galwey,2385,Waterton Lakes National Park,Canada
Botev Peak,2376,Balkan Mountains,Bulgaria
Mount Mulu,2376,Borneo,Malaysia
Mount Deception,2374,Olympic Mountains,USA
Mount Aix,2372,Cascade Range,USA
Mount Karthala,2361,Comoros
Totapala Kanda,2357,Central Highlands,Sri Lanka
Signal Mountain,2357,Teton Range,USA
Mount Pico,2351,Azores,Portugal
Grimming,2351,Northern Limestone Alps,Austria
Monte Sirente,2349,Apennine Mountains,Italy
Mount Blum,2348,North Cascades,USA
Mount Popomanaseu,2335,Guadalcanal,Solomon Islands
Monte Priora,2332,Apennine Mountains,Italy
Mount Prophet,2330,North Cascades,USA
Mount Griggs,2317,Alaska Peninsula,USA
Mount Makarakomburu,2310,Guadalcanal,Solomon Islands
Lalla Khedidja,2308,Djurdjura Range,Algeria
Lavender Peak,2306,North Cascades,USA
Pietrosul Rodnei Peak,2303,Rodna Mountains,Romania
Mount Sir Allan MacNab,2303,Saint Elias Mountains,Canada
Murree,2291,Himalaya,Pakistan
Kozi Wierch,2291,Tatra Mountains,Poland
Cherni Vrah,2290,Vitosha Mountain,Bulgaria
Druesberg,2282,Glarus Alps,Switzerland
Ineu Peak,2279,Apuseni Mountains,Romania
Mount Huye,2278,Southern Province,Rwanda
Bikku Bitti,2267,Tibesti Mountains,Libya
Blue Mountains,2256,New South Wales,Australia
Mount Dietz,2254,Saint Elias Mountains,Canada
Sri Pada Mountain,2243,Central Highlands,Sri Lanka
Mount John Laurie,2240,Canadian Rockies,Canada
Red Butte,2240,Snake Range,USA
Čvrsnica,2228,Dinaric Alps,Bosnia and Herzegovina
Mount Kosciuszko,2228,Snowy Mountains,Australia
Camoghe,2227,Lepontine Alps,Switzerland
Commonwealth Mountain,2225,Saint Elias Mountains,Canada
Mount Chiginagak,2222,Alaska Peninsula,USA
Monte Terminillo,2213,Apennine Mountains,Italy
Slavyanka,2212,Rhodope Mountains,Bulgaria/Greece
Mount Oxford (Nunavut),2210,Baffin Mountains,Canada
Mount Townsend,2209,Snowy Mountains,Australia
Black Elk Peak,2208,Black Hills,USA
Golden Hinde,2204,Vancouver Island Ranges,Canada
Mount Twynam,2195,Snowy Mountains,Australia
Elkhorn Mountain,2194,Elkhorn Mountains,USA
Mount Baldy,2192,San Gabriel Mountains,USA
Golyam Perelik,2191,Rhodope Mountains,Bulgaria
Shiprock,2188,Navajo Volcanic Field,USA
Mount Tahan,2187,Titiwangsa Mountains,Malaysia
Mount Korbu,2183,Titiwangsa Mountains,Malaysia
Mount Yong Belar,2181,Titiwangsa Mountains,Malaysia
Doi Chiang Dao,2175,Daen Lao Range,Thailand
Galunggung,2168,Java,Indonesia
Levski Peak,2166,Balkan Mountains,Bulgaria
Monte Cimone,2165,Apennine Mountains,Italy
Mount Hua,2160,Qinling Mountains,China
Mount Ugo,2150,Cordillera Central,Philippines
Mount Zulia,2149,Eastern Highlands,Uganda
Carruthers Peak,2145,Snowy Mountains,Australia
Crna Glava,2139,Prokletije,Montenegro
Mount Colonel Foster,2135,Vancouver Island Ranges,Canada
Roche à Perdrix,2134,Canadian Rockies,Canada
Kodaikanal,2133,Palani Hills,India
Pilatus,2128,Emmental Alps,Switzerland
Strmenica,2122,Prokletije,Montenegro
Phu Soi Dao,2120,Luang Prabang Range,Thailand
Eagle Peak,2119,Yellowstone National Park,USA
Zekova Glava,2117,Bjelasica,Montenegro
Öræfajökull,2110,Vatnajökull,Iceland
Mount Benum,2107,Titiwangsa Mountains,Malaysia
Mogotón,2107,Cordillera Isabelia,Nicaragua
Kebnekaise,2104,Scandinavian Mountains,Sweden
Rambler Peak,2103,Sawtooth Range,USA
Mount McBride,2101,Canadian Rockies,Canada
Pico do Selado,2100,Serra da Mantiqueira,Brazil
Phou Khe,2079,Annamite Range,Laos
Schneeberg,2076,Northern Limestone Alps,Austria
Mount Tate,2073,Hida Mountains,Japan
Bjelašnica,2067,Dinaric Alps,Bosnia and Herzegovina
Kings Peak,2066,Great Dividing Range,Australia
Hoverla,2061,Carpathian Mountains,Ukraine
Monte Miletto,2050,Apennine Mountains,Italy
Lytton Mountain,2046,Saint Elias Mountains,Canada
Mount Katmai,2047,Alaska Peninsula,USA
Mount Dimlang,2042,Shebshi Mountains,Nigeria
Mount Celeste,2040,Talamanca Mountain Range,Costa Rica
Mount Mitchell,2037,Appalachian Mountains,USA
Namunukula,2036,Central Highlands,Sri Lanka
Pico do Barbado,2033,Chapada Diamantina,Brazil
Mount Batu Brinchang,2031,Titiwangsa Mountains,Malaysia
Doi Mae Tho,2031,Daen Lao Range,Thailand
Clingmans Dome,2025,Appalachian Mountains,USA
Mount Heng (Shanxi),2017,Hengshan Mountains,China
Kopaonik,2017,Dinaric Alps,Serbia
Alpe di Succiso,2017,Apennine Mountains,Italy
Kom,2016,Balkan Mountains,Bulgaria
Polar Bear Peak,2015,Saint Elias Mountains,Canada
Mount Asgard,2015,Baffin Mountains,Canada
Mount Le Conte,2010,Appalachian Mountains,USA
Serra da Estrela,1993,Estrela Mountains,Portugal
Mount Bogong,1986,Australian Alps,Australia
Mount Ishizuchi,1982,Shikoku Mountains,Japan
Doi Phu Kha,1980,Luang Prabang Range,Thailand
Pizzo Carbonara,1979,Apennine Mountains,Italy
Topo de Coroa,1979,Santo Antão,Cape Verde
Mount Tongariro,1978,Taupo Volcanic Zone,New Zealand
Iceberg Peak,1976,Lewis Range,USA
Pico Turquino,1974,Sierra Maestra,Cuba
El Piveto Mountain,1973,Saint Elias Mountains,Canada
Qiajivik Mountain,1970,Baffin Mountains,Canada
Monte Tamaro,1962,Lugano Prealps,Switzerland
Farcau Peak,1957,Rodna Mountains,Romania
Montalto (Aspromonte),1955,Apennine Mountains,Italy
Ciucas Peak,1954,Ciucaș Mountains,Romania
Chionistra,1952,Troodos Mountains,Cyprus
Hallasan,1950,Jeju Island,South Korea
Jabal Bil Ays,1950,Hajar Mountains,United Arab Emirates
Mullayanagiri,1930,Baba Budangiri Hills,India
Helvetia Tinde,1929,Queen Maud Land,Antarctica
Botte Donato,1928,Apennine Mountains,Italy
Mount Kirigamine,1925,Kirigamine Highlands,Japan
Mount Washington,1917,Appalachian Mountains,USA
Mount Siku,1916,Baffin Mountains,Canada
Mount Jiri,1915,Sobaek Mountains,South Korea
Troglav,1913,Dinaric Alps,Bosnia and Herzegovina
Mont Ventoux,1912,Provence,France
Ocolasu Mare,1907,Carpathian Mountains,Romania
Mount Toaca,1904,Carpathian Mountains,Romania
Vesper Peak,1902,North Cascades,USA
Baba Budangiri,1895,Baba Budangiri Hills,India
Mount Narodnaya,1895,Ural Mountains,Russia
Kudremukh,1894,Western Ghats,India
Orjen,1894,Dinaric Alps,Montenegro/Bosnia and Herzegovina
Iskhodnaya,1892,Queen Maud Land,Antarctica
Mount George V,1890,Saint Elias Mountains,Canada
Rugged Mountain,1888,Vancouver Island Ranges,Canada
Agastya Mala,1868,Western Ghats,India
Trident Volcano,1860,Alaska Peninsula,USA
Mount Martin,1863,Alaska Peninsula,USA
Knuckles,1863,Central Highlands,Sri Lanka
Pico Ruivo,1862,Madeira,Portugal
Budacu,1859,Rodna Mountains,Romania
Giumalau,1858,Carpathian Mountains,Romania
Pico das Torres,1851,Madeira,Portugal
Mont Ross,1850,Kerguelen Islands,France
Cucurbata Mare,1849,Apuseni Mountains,Romania
Monte Soro,1847,Nebrodi Mountains,Italy
Mount Ulap,1846,Cordillera Central,Philippines
Crown Mountain,1845,Vancouver Island Ranges,Canada
Tibles,1839,Rodna Mountains,Romania
Loser,1838,Totes Gebirge,Austria
Vladeasa,1836,Apuseni Mountains,Romania
Punta La Marmora,1834,Gennargentu Mountains,Italy
Sinjal,1831,Dinaric Alps,Croatia
Cerro La Campana,1828,Chilean Coastal Range,Chile
Gora Nevskaya,1828,Queen Maud Land,Antarctica
Muntele Mare,1826,Apuseni Mountains,Romania
Cerro de la Silla,1820,Sierra Madre Oriental,Mexico
Pico do Arieiro,1818,Madeira,Portugal
Biligiriranga Hills,1812,Western Ghats,India
Monte Maggiorasca,1803,Apennine Mountains,Italy
Rigi,1798,Swiss Alps,Switzerland
Hășmașu Mare,1792,Carpathian Mountains,Romania
Pietrosu Peak,1790,Calimani Mountains,Romania
Goru,1789,Greater Caucasus,Russia
Blokhin Peak,1788,Queen Maud Land,Antarctica
Velliangiri Mountains,1784,Western Ghats,India
Lacaut,1777,Apuseni Mountains,Romania
Saca Peak,1777,Rodna Mountains,Romania
Penteleu,1772,Carpathian Mountains,Romania
Mount Veve,1763,Espiritu Santo,Vanuatu
Mount Adams,1762,White Mountains,USA
Monte Gariglione,1762,Apennine Mountains,Italy
Sveti Jure (Saint George),1762,Dinaric Alps,Croatia
Pik Sovetskoy Gvardii,1761,Queen Maud Land,Antarctica
Vaganski vrh,1757,Dinaric Alps,Croatia
Mount Api,1750,Himalaya,Nepal
Lovćen,1749,Dinaric Alps,Montenegro
Tadiandamol,1748,Western Ghats,India
Mount Rogers,1746,Appalachian Mountains,USA
Doi Phi Pan Nam,1745,Luang Prabang Range,Thailand
Mount Wilson,1740,San Gabriel Mountains,USA
Mount Jefferson,1740,White Mountains,USA
Monte Amiata,1738,Apennine Mountains,Italy
Daisen,1729,Chūgoku Mountains,Japan
The Horn (Mount Buffalo),1723,Australian Alps,Australia
Mount Batur,1717,Bali,Indonesia
Kumara Parvata,1712,Western Ghats,India
Pushpagiri,1712,Western Ghats,India
Mount Lowe,1708,San Gabriel Mountains,USA
Boulder Peak,1708,Vancouver Island Ranges,Canada
Doi Luang,1700,Daen Lao Range,Thailand
Mitre Peak,1692,Fiordland National Park,New Zealand
Arma Konda,1680,Eastern Ghats,India
Deomali,1672,Eastern Ghats,India
Mount Caubvik,1670,Torngat Mountains,Canada
Kalsubai,1646,Western Ghats,India
Rarau,1651,Carpathian Mountains,Romania
Peak 5390,1643,Queen Maud Land,Antarctica
Yamantau,1640,Ural Mountains,Russia
Mount Monroe,1637,White Mountains,USA
Mount Madison,1636,White Mountains,USA
Mount Krebs,1636,Queen Maud Land,Antarctica
Mount Marcy,1629,Adirondack Mountains,USA
Trebević,1629,Dinaric Alps,Bosnia and Herzegovina
Mount Bartle Frere,1622,Great Dividing Range,Australia
Rocca Busambra,1613,Sicily,Italy
Velky Rozsutec,1610,Mala Fatra,Slovakia
Brahmagiri,1608,Western Ghats,India
Mount Katahdin,1606,Appalachian Mountains,USA
Sněžka,1603,Giant Mountains,Czech Republic/Poland
Sirumalai,1600,Western Ghats,India
Mount Lafayette,1600,White Mountains,USA
Mount Washington (British Columbia),1589,Vancouver Island Ranges,Canada
Mount Benarat,1585,Borneo,Malaysia
Wai'ale'ale,1569,Kauai,USA
Salher,1567,Western Ghats,India
Cirque Mountain,1564,Vancouver Island Ranges,Canada
Algonquin Peak,1559,Adirondack Mountains,USA
Mount Lincoln,1547,Adirondack Mountains,USA
Superstition Mountain,1545,Superstition Mountains,USA
Mount Tai,1545,Shandong,China
Jabel Yibir,1527,Hajar Mountains,United Arab Emirates
Madikeri,1525,Western Ghats,India
Mount Popa,1518,Central Burma,Myanmar
Askja,1516,Icelandic Highlands,Iceland
Monte Boglia,1516,Lugano Prealps,Switzerland
Kamakau,1512,Molokai,USA
Song Shan,1512,Henan,China
Pico de Malpaso,1501,El Hierro,Spain
Javaleon,1494,Andalusia,Spain
Mount Nuang,1493,Titiwangsa Mountains,Malaysia
Hekla,1491,Icelandic Highlands,Iceland
Mount Pinatubo,1486,Luzon,Philippines
Spruce Knob,1486,Allegheny Mountains,USA
Lyaskovets Peak,1482,Balkan Mountains,Bulgaria
Mount Olympus,1482,Olympus Range,USA
Agriolefkes,1480,Pelion,Greece
La Grande Soufrière,1467,Basse-Terre,Guadeloupe
Monte Penice,1460,Apennine Mountains,Italy
Mount Seymour,1449,Coast Mountains,Canada
Himavad Gopalaswamy Betta,1445,Western Ghats,India
Snæfellsjökull,1446,Snæfellsnes peninsula,Iceland
Gutai Peak,1439,Greater Caucasus,Russia
Mount Kalourat,1438,Saint Elias Mountains,Canada
Mount Woodroffe,1435,Musgrave Ranges,Australia
Cypress Mountain,1431,Coast Mountains,Canada
Taramati,1431,Western Ghats,India
Harishchandragad,1424,Western Ghats,India
Tukgahgo Mountain,1424,Saint Elias Mountains,Canada
Raireshwar,1403,Western Ghats,India
Taburno Camposauro,1393,Apennine Mountains,Italy
Parasnath,1366,Parasnath Hills,India
Dhupgarh,1352,Satpura Range,India
Ben Nevis,1345,Grampian Mountains,Scotland
Kodachadri,1343,Western Ghats,India
Mount Jiuhua,1342,Anhui,China
Mount Aniakchak,1341,Alaska Peninsula,USA
Mount Mansfield,1339,Green Mountains,USA
Cerro de Punta,1338,Cordillera Central,Puerto Rico
Mount Bassie,1337,Saint Elias Mountains,Canada
Ben Macdui,1309,Cairngorms,Scotland
Mount Kanaga,1307,Aleutian Islands,USA
Sinhagad,1312,Western Ghats,India
Mount Heng (Hunan),1300,Hengshan Mountains,China
Braeriach,1296,Cairngorms,Scotland
Rajabasa,1281,Sumatra,Indonesia
Mount Vesuvius,1281,Campania,Italy
Mount Ophir,1276,Titiwangsa Mountains,Malaysia
Bailadila,1276,Eastern Ghats,India
Mount Wellington,1271,Tasmania,Australia
Mount Si,1264,Cascade Range,USA
Mount Qingcheng,1260,Sichuan,China
Detunata,1258,Apuseni Mountains,Romania
Mount Donna Buang,1257,Great Dividing Range,Australia
Kīlauea,1247,Hawaii,USA
Camel's Hump,1244,Green Mountains,USA
Cannon Mountain,1241,White Mountains,USA
The Priest,1240,Blue Ridge Mountains,USA
Aonach Beag,1234,Grampian Mountains,Scotland
Grouse Mountain,1231,Coast Mountains,Canada
Kaʻala,1227,Oahu,USA
Mount Jerai,1217,Kedah,Malaysia
Mount Meron,1208,Upper Galilee,Israel
Mount Fromme,1185,Coast Mountains,Canada
Doi Ian,1180,Luang Prabang Range,Thailand
Mount Diablo,1173,Diablo Range,USA
Mount Hombori,1155,Mali
Lochnagar,1155,Cairngorms,Scotland
Bidean nam Bian,1150,Grampian Mountains,Scotland
Monte Musinè,1150,Graian Alps,Italy
Brocken,1141,Harz Mountains,Germany
Victoria Peak,1140,Hong Kong
Gora Sovetskaya,1139,Queen Maud Land,Antarctica
Kayser Mountain,1138,Star Mountains,Papua New Guinea
Mount Juneau,1138,Coast Mountains,USA
Snowdon,1085,Snowdonia,Wales
Tafelberg,1085,Cape Town,South Africa
Flattop Mountain,1080,Chugach Mountains,USA
Uummannaq,1070,Uummannaq Island,Greenland
White Butte,1069,Missouri Plateau,USA
Hogback Mountain,1068,Teton Range,USA
Liathach,1055,Torridon Hills,Scotland
Saka Haphong,1052,Bangladesh
Cambirela,1041,Serra do Mar,Brazil
Corrán Tuathail,1038,MacGillycuddy's Reeks,Ireland
Mount Ramon,1037,Negev Desert,Israel
Girnar,1031,Gujarat,India
Mount Zagora,1025,Zagora,Morocco
Buachaille Etive Mor,1022,Grampian Mountains,Scotland
Munboksan,1020,Gangwon Province,South Korea
Kékes,1014,Mátra Mountains,Hungary
Mount Belumut,1010,Johor,Malaysia
Old Rag Mountain,991,Blue Ridge Mountains,USA
Magura Priei,990,Carpathian Mountains,Romania
Sgurr Dearg,986,Cuillin Hills,Scotland
Mount Sizer,985,Diablo Range,USA
Mount Valin,985,Laurentian Mountains,Canada
Hyangnosan,983,Gangwon Province,South Korea
Scafell Pike,978,Lake District,England
Mount Edgecumbe,976,Alexander Archipelago,USA
Grand Bonhomme,975,Savanne,Mauritius
North Mountain (Catskills),949,Catskill Mountains,USA
Doli Gutta,948,Eastern Ghats,India
Mount Monadnock,965,Appalachian Mountains,USA
Mount Pirongia,959,Waikato,New Zealand
Tai Mo Shan,957,Hong Kong
Chimneytop,957,Great Smoky Mountains,USA
Helvellyn,950,Lake District,England
Mount Gimie,950,Saint Lucia
El Cerro del Aripo,940,Northern Range,Trinidad and Tobago
El Tucuche,936,Northern Range,Trinidad and Tobago
Lantau Peak,934,Lantau Island,Hong Kong
Betlingchhip,930,Jampui Hills,India
Kaimondake volcano,924,Kyushu,Japan
San Salvatore,912,Lugano Prealps,Switzerland
Pantokrator,911,Corfu,Greece
Edinburgh Peak,852,Tristan da Cunha,United Kingdom
Cadair Idris,893,Snowdonia,Wales
Pen y Fan,886,Brecon Beacons,Wales
Baekunsan,883,Sobaek Mountains,South Korea
Mount Gerizim,881,Samaria,Palestine
Sunset Peak,857,Lantau Island,Hong Kong
Mahuli,858,Western Ghats,India
Mount Taylor,856,New Mexico,USA
Slieve Donard,850,Mourne Mountains,Northern Ireland
Tinakula,851,Santa Cruz Islands,Solomon Islands
Muntele Cetatuia,881,Carpathian Mountains,Romania
Mount Saint Catherine,840,Grenada
Mount Magazine,839,Ouachita Mountains,USA
Hoemunsan,837,Sobaek Mountains,South Korea
Bukhansan (Baegundae Peak),836,Seoul,South Korea
Drocea,836,Apuseni Mountains,Romania
Piton de la Petite Rivière Noire,828,Mauritius
Pieter Both (mountain),820,Mauritius
Mount Carleton,820,Appalachian Mountains,Canada
The Cheviot,815,Cheviot Hills,England
Le Pouce,812,Mauritius
Mount Santubong,810,Sarawak,Malaysia
Gros Morne,806,Appalachian Mountains,Canada
Clisham,799,Outer Hebrides,Scotland
Mount Tamalpais,784,Marin County,USA
Mission Peak,760,Diablo Range,USA
Gyemyeongsan,775,Gyeongsangbuk-do,South Korea
Mount Boucherie,758,British Columbia,Canada
Daeunsan,742,Ulsan,South Korea
Mount Dobong,740,Seoul,South Korea
Mount Lofty,727,Adelaide Hills,Australia
Ben Cleuch,721,Ochil Hills,Scotland
Corps de Garde,720,Mauritius
Gaseopsan,709,Gyeongsangbuk-do,South Korea
Mount Dick,708,Saint Elias Mountains,Canada
Piton Savanne,703,Mauritius
Pu‘u ‘Ō‘ō,698,Hawaii,USA
Signal de Botrange,694,Ardennes,Belgium
Ishpatina Ridge,693,Temagami,Canada
Curepipe Point,686,Mauritius
Galgisan,680,Gyeongsangbuk-do,South Korea
Delphi,678,Greece
Qalorujoorneq,674,Greenland
Lion's Head,669,Cape Town,South Africa
Les Trois Mamelles,666,Mauritius
Steling,666,Indonesia
Maple Mountain,642,Ontario,Canada
Mountain Lagrave (Montage Lagrave),640,Mauritius
Kinder Scout,636,Peak District,England
Masaya Volcano,635,Nicaragua
Calebasses Mountain (Montagne Calebasses),634,Mauritius
Mount D'Urville,634,Auckland Islands,New Zealand
Moel Eilio,626,Snowdonia,Wales
High Willhays,621,Dartmoor,England
Snaefell,621,Isle of Man
Beinn Mhòr,620,South Uist,Scotland
Munsusan (Ulsan),612,Ulsan,South Korea
Mount Takao,599,Tokyo,Japan
Piton de Fouge,598,Mauritius
Sikjangsan,575,Daejeon,South Korea
Forbordsfjellet,596,Norway
Piton du Millieu,594,Mauritius
Gwanggyosan,582,Gyeonggi-do,South Korea
Mount Pond,580,Saint Elias Mountains,Canada
Mount Tabor,575,Lower Galilee,Israel
Monte Conero,573,Marche,Italy
Gyeryongsan,568,Daejeon,South Korea
Mount Honey,563,Christmas Island,Australia
Le Morne Brabant,556,Mauritius
Tourelle du Tamarin,554,Mauritius
Rempart Mountain (Montagne du Rempart),553,Mauritius
Palasip Qaqqaa (Præstefjeldet),550,Greenland
Namamsan,470,Gyeongju,South Korea
Taum Sauk Mountain,540,Missouri,USA
Great Mell Fell,535,Lake District,England
Geomdansan (Seongnam),534,Seongnam,South Korea
Mountain Blanche (Montagne Blanche),530,Mauritius
Yeonhwasan,527,Gyeongsangnam-do,South Korea
Heukseongsan,519,Chungcheongnam-do,South Korea
Avala,511,Serbia
Mountain La Terre (Mont La Terre),508,Mauritius
Lion Mountain (Montagne Lion),480,Mauritius
Little Si,480,Cascade Range,USA
Mount Ramsay,479,Saint Elias Mountains,Canada
Tutuiatu Peak,474,American Samoa
Mount Keira,464,Illawarra,Australia
Pu'u Moaulanui,460,Hawaii,USA
Blue Mountain,457,Jamaica
Muryongsan (Ulsan),456,Ulsan,South Korea
Achladokambos,455,Argolis,Greece
Dongdaesan (Ulsan),442,Ulsan,South Korea
Diamond Hill,438,Hong Kong
Gibraltar,426,Gibraltar
Pic Paradis,424,Saint Martin
Havsula,420,Norway
Storm King Mountain,417,Hudson Highlands,USA
Gyeyangsan,395,Incheon,South Korea
Mount Galloway,394,Saint Elias Mountains,Canada
Pawala Valley Ridge,388,Hawaii,USA
Loughrigg Fell,335,Lake District,England
Mount Kinka (Gifu),329,Gifu,Japan
Vaalserberg,322,Limburg,Netherlands
Mount Bates,319,Norfolk Island,Australia
Suur Munamägi,318,Haanja Upland,Estonia
Gaiziņkalns,312,Vidzeme Upland,Latvia
Mutla Ridge,312,Kuwait
Aukštojas,294,Medininkai Hills,Lithuania
Kruopinė,293,Medininkai Hills,Lithuania
Juozapinė,293,Medininkai Hills,Lithuania
Morne du Vitet,286,Saint Barthélemy
Qixia Mountain,286,Nanjing,China
Hwajangsan,278,Ulsan,South Korea
Potolaka/Putuo Shan,284,Zhoushan,China
Westmacott,274,Saint Kitts and Nevis
Jerimoth Hill,247,Rhode Island,USA
Mount Ngerchelchuus,242,Babeldaob,Palau
Diamond Head,232,Oahu,USA
Yeomposan,203,Ulsan,South Korea
Hamwolsan,198,Jeju Island,South Korea
Great Blue Hill,193,Massachusetts,USA
Alto de Coloane,170,Coloane,Macau
Bukit Timah Hill,163,Singapore
Himmelbjerget,147,Jutland,Denmark
Les Platons,139,Jersey
Aborrebjerg,137,Bornholm,Denmark
Māngere Mountain,106,Auckland,New Zealand
Britton Hill,124,Florida Parishes,USA
Qurayn Abu al Bawl,103,Qatar
Command Ridge,94,Nauru
Mount Wycheproof,48,Victoria,Australia
Hoge Blekker,35,Flanders,Belgium
Bentenyama,3,Osaka,Japan
Mount Pleasant,1,Western Australia,Australia
Mount Tenpō,-4.5,Osaka,Japan
Tianzhong Mountain,0,Shandong,China
Mount Hiroyama,-3,Osaka,Japan
Jing Mountain [yue],-52,Guangdong,China